{
	"format_version": "1.8.0",
	"animations": {
		"animation.trainershort.disdain": {
			"loop": "hold_on_last_frame",
			"animation_length": 1.1667,
			"bones": {
				"torso": {
					"rotation": {
						"0.0": [0, 0, 0],
						"0.5833": [-35, 0, 0],
						"0.9167": [45, 0, 0],
						"1.0417": [20, 0, 0],
						"1.1667": [42.5, 0, 0]
					}
				},
				"arm_right": {
					"rotation": {
						"0.0": [0, 0, 0],
						"0.2917": [-94.93539, -34.56752, 3.86516],
						"0.4583": [-94.06742, 2.82585, 0.85936],
						"0.5833": [-183.18807, 20.26954, -41.29848],
						"0.7917": [-50.68807, 20.26954, -41.29848]
					}
				},
				"arm_left": {
					"rotation": {
						"0.0": [0, 0, 0],
						"0.2917": [-87.113, 30.3177, 17.28862],
						"0.5833": [-146.89773, -62.17753, 16.4653],
						"0.7917": [-61.7122, 35.06177, -32.75794]
					}
				}
			}
		}
	}
}